Id,CustomerName,TotalAmount,Status,CreatedAt
1,Customer 1,0.00,Seeded,2026-01-01T08:00:00Z
2,Customer 2,0.00,Seeded,2026-01-02T08:00:00Z
3,Customer 3,0.00,Seeded,2026-01-03T08:00:00Z
4,Customer 4,0.00,Seeded,2026-01-04T08:00:00Z
5,Customer 5,0.00,Seeded,2026-01-05T08:00:00Z
6,Customer 6,0.00,Seeded,2026-01-06T08:00:00Z
7,Customer 7,0.00,Seeded,2026-01-07T08:00:00Z
8,Customer 8,0.00,Seeded,2026-01-08T08:00:00Z
9,Customer 9,0.00,Seeded,2026-01-09T08:00:00Z
10,Customer 10,0.00,Seeded,2026-01-10T08:00:00Z
11,Customer 11,0.00,Seeded,2026-01-11T08:00:00Z
12,Customer 12,0.00,Seeded,2026-01-12T08:00:00Z
13,Customer 13,0.00,Seeded,2026-01-13T08:00:00Z
14,Customer 14,0.00,Seeded,2026-01-14T08:00:00Z
15,Customer 15,0.00,Seeded,2026-01-15T08:00:00Z
16,Customer 16,0.00,Seeded,2026-01-16T08:00:00Z
17,Customer 17,0.00,Seeded,2026-01-17T08:00:00Z
18,Customer 18,0.00,Seeded,2026-01-18T08:00:00Z
19,Customer 19,0.00,Seeded,2026-01-19T08:00:00Z
20,Customer 20,0.00,Seeded,2026-01-20T08:00:00Z
21,Customer 21,0.00,Seeded,2026-01-21T08:00:00Z
22,Customer 22,0.00,Seeded,2026-01-22T08:00:00Z
23,Customer 23,0.00,Seeded,2026-01-23T08:00:00Z
24,Customer 24,0.00,Seeded,2026-01-24T08:00:00Z
25,Customer 25,0.00,Seeded,2026-01-25T08:00:00Z
26,Customer 26,0.00,Seeded,2026-01-26T08:00:00Z
27,Customer 27,0.00,Seeded,2026-01-27T08:00:00Z
28,Customer 28,0.00,Seeded,2026-01-28T08:00:00Z
29,Customer 29,0.00,Seeded,2026-01-01T08:00:00Z
30,Customer 30,0.00,Seeded,2026-01-02T08:00:00Z
31,Customer 31,0.00,Seeded,2026-01-03T08:00:00Z
32,Customer 32,0.00,Seeded,2026-01-04T08:00:00Z
33,Customer 33,0.00,Seeded,2026-01-05T08:00:00Z
34,Customer 34,0.00,Seeded,2026-01-06T08:00:00Z
35,Customer 35,0.00,Seeded,2026-01-07T08:00:00Z
36,Customer 36,0.00,Seeded,2026-01-08T08:00:00Z
37,Customer 37,0.00,Seeded,2026-01-09T08:00:00Z
38,Customer 38,0.00,Seeded,2026-01-10T08:00:00Z
39,Customer 39,0.00,Seeded,2026-01-11T08:00:00Z
40,Customer 40,0.00,Seeded,2026-01-12T08:00:00Z
41,Customer 41,0.00,Seeded,2026-01-13T08:00:00Z
42,Customer 42,0.00,Seeded,2026-01-14T08:00:00Z
43,Customer 43,0.00,Seeded,2026-01-15T08:00:00Z
44,Customer 44,0.00,Seeded,2026-01-16T08:00:00Z
45,Customer 45,0.00,Seeded,2026-01-17T08:00:00Z
46,Customer 46,0.00,Seeded,2026-01-18T08:00:00Z
47,Customer 47,0.00,Seeded,2026-01-19T08:00:00Z
48,Customer 48,0.00,Seeded,2026-01-20T08:00:00Z
49,Customer 49,0.00,Seeded,2026-01-21T08:00:00Z
50,Customer 50,0.00,Seeded,2026-01-22T08:00:00Z
51,Customer 51,0.00,Seeded,2026-01-23T08:00:00Z
52,Customer 52,0.00,Seeded,2026-01-24T08:00:00Z
53,Customer 53,0.00,Seeded,2026-01-25T08:00:00Z
54,Customer 54,0.00,Seeded,2026-01-26T08:00:00Z
55,Customer 55,0.00,Seeded,2026-01-27T08:00:00Z
56,Customer 56,0.00,Seeded,2026-01-28T08:00:00Z
57,Customer 57,0.00,Seeded,2026-01-01T08:00:00Z
58,Customer 58,0.00,Seeded,2026-01-02T08:00:00Z
59,Customer 59,0.00,Seeded,2026-01-03T08:00:00Z
60,Customer 60,0.00,Seeded,2026-01-04T08:00:00Z
61,Customer 61,0.00,Seeded,2026-01-05T08:00:00Z
62,Customer 62,0.00,Seeded,2026-01-06T08:00:00Z
63,Customer 63,0.00,Seeded,2026-01-07T08:00:00Z
64,Customer 64,0.00,Seeded,2026-01-08T08:00:00Z
65,Customer 65,0.00,Seeded,2026-01-09T08:00:00Z
66,Customer 66,0.00,Seeded,2026-01-10T08:00:00Z
67,Customer 67,0.00,Seeded,2026-01-11T08:00:00Z
68,Customer 68,0.00,Seeded,2026-01-12T08:00:00Z
69,Customer 69,0.00,Seeded,2026-01-13T08:00:00Z
70,Customer 70,0.00,Seeded,2026-01-14T08:00:00Z
71,Customer 71,0.00,Seeded,2026-01-15T08:00:00Z
72,Customer 72,0.00,Seeded,2026-01-16T08:00:00Z
73,Customer 73,0.00,Seeded,2026-01-17T08:00:00Z
74,Customer 74,0.00,Seeded,2026-01-18T08:00:00Z
75,Customer 75,0.00,Seeded,2026-01-19T08:00:00Z
76,Customer 76,0.00,Seeded,2026-01-20T08:00:00Z
77,Customer 77,0.00,Seeded,2026-01-21T08:00:00Z
78,Customer 78,0.00,Seeded,2026-01-22T08:00:00Z
79,Customer 79,0.00,Seeded,2026-01-23T08:00:00Z
80,Customer 80,0.00,Seeded,2026-01-24T08:00:00Z
81,Customer 81,0.00,Seeded,2026-01-25T08:00:00Z
82,Customer 82,0.00,Seeded,2026-01-26T08:00:00Z
83,Customer 83,0.00,Seeded,2026-01-27T08:00:00Z
84,Customer 84,0.00,Seeded,2026-01-28T08:00:00Z
85,Customer 85,0.00,Seeded,2026-01-01T08:00:00Z
86,Customer 86,0.00,Seeded,2026-01-02T08:00:00Z
87,Customer 87,0.00,Seeded,2026-01-03T08:00:00Z
88,Customer 88,0.00,Seeded,2026-01-04T08:00:00Z
89,Customer 89,0.00,Seeded,2026-01-05T08:00:00Z
90,Customer 90,0.00,Seeded,2026-01-06T08:00:00Z
91,Customer 91,0.00,Seeded,2026-01-07T08:00:00Z
92,Customer 92,0.00,Seeded,2026-01-08T08:00:00Z
93,Customer 93,0.00,Seeded,2026-01-09T08:00:00Z
94,Customer 94,0.00,Seeded,2026-01-10T08:00:00Z
95,Customer 95,0.00,Seeded,2026-01-11T08:00:00Z
96,Customer 96,0.00,Seeded,2026-01-12T08:00:00Z
97,Customer 97,0.00,Seeded,2026-01-13T08:00:00Z
98,Customer 98,0.00,Seeded,2026-01-14T08:00:00Z
99,Customer 99,0.00,Seeded,2026-01-15T08:00:00Z
100,Customer 100,0.00,Seeded,2026-01-16T08:00:00Z
101,Customer 101,0.00,Seeded,2026-01-17T08:00:00Z
102,Customer 102,0.00,Seeded,2026-01-18T08:00:00Z
103,Customer 103,0.00,Seeded,2026-01-19T08:00:00Z
104,Customer 104,0.00,Seeded,2026-01-20T08:00:00Z
105,Customer 105,0.00,Seeded,2026-01-21T08:00:00Z
106,Customer 106,0.00,Seeded,2026-01-22T08:00:00Z
107,Customer 107,0.00,Seeded,2026-01-23T08:00:00Z
108,Customer 108,0.00,Seeded,2026-01-24T08:00:00Z
109,Customer 109,0.00,Seeded,2026-01-25T08:00:00Z
110,Customer 110,0.00,Seeded,2026-01-26T08:00:00Z
111,Customer 111,0.00,Seeded,2026-01-27T08:00:00Z
112,Customer 112,0.00,Seeded,2026-01-28T08:00:00Z
113,Customer 113,0.00,Seeded,2026-01-01T08:00:00Z
114,Customer 114,0.00,Seeded,2026-01-02T08:00:00Z
115,Customer 115,0.00,Seeded,2026-01-03T08:00:00Z
116,Customer 116,0.00,Seeded,2026-01-04T08:00:00Z
117,Customer 117,0.00,Seeded,2026-01-05T08:00:00Z
118,Customer 118,0.00,Seeded,2026-01-06T08:00:00Z
119,Customer 119,0.00,Seeded,2026-01-07T08:00:00Z
120,Customer 120,0.00,Seeded,2026-01-08T08:00:00Z
121,Customer 121,0.00,Seeded,2026-01-09T08:00:00Z
122,Customer 122,0.00,Seeded,2026-01-10T08:00:00Z
123,Customer 123,0.00,Seeded,2026-01-11T08:00:00Z
124,Customer 124,0.00,Seeded,2026-01-12T08:00:00Z
125,Customer 125,0.00,Seeded,2026-01-13T08:00:00Z
126,Customer 126,0.00,Seeded,2026-01-14T08:00:00Z
127,Customer 127,0.00,Seeded,2026-01-15T08:00:00Z
128,Customer 128,0.00,Seeded,2026-01-16T08:00:00Z
129,Customer 129,0.00,Seeded,2026-01-17T08:00:00Z
130,Customer 130,0.00,Seeded,2026-01-18T08:00:00Z
131,Customer 131,0.00,Seeded,2026-01-19T08:00:00Z
132,Customer 132,0.00,Seeded,2026-01-20T08:00:00Z
133,Customer 133,0.00,Seeded,2026-01-21T08:00:00Z
134,Customer 134,0.00,Seeded,2026-01-22T08:00:00Z
135,Customer 135,0.00,Seeded,2026-01-23T08:00:00Z
136,Customer 136,0.00,Seeded,2026-01-24T08:00:00Z
137,Customer 137,0.00,Seeded,2026-01-25T08:00:00Z
138,Customer 138,0.00,Seeded,2026-01-26T08:00:00Z
139,Customer 139,0.00,Seeded,2026-01-27T08:00:00Z
140,Customer 140,0.00,Seeded,2026-01-28T08:00:00Z
141,Customer 141,0.00,Seeded,2026-01-01T08:00:00Z
142,Customer 142,0.00,Seeded,2026-01-02T08:00:00Z
143,Customer 143,0.00,Seeded,2026-01-03T08:00:00Z
144,Customer 144,0.00,Seeded,2026-01-04T08:00:00Z
145,Customer 145,0.00,Seeded,2026-01-05T08:00:00Z
146,Customer 146,0.00,Seeded,2026-01-06T08:00:00Z
147,Customer 147,0.00,Seeded,2026-01-07T08:00:00Z
148,Customer 148,0.00,Seeded,2026-01-08T08:00:00Z
149,Customer 149,0.00,Seeded,2026-01-09T08:00:00Z
150,Customer 150,0.00,Seeded,2026-01-10T08:00:00Z
151,Customer 151,0.00,Seeded,2026-01-11T08:00:00Z
152,Customer 152,0.00,Seeded,2026-01-12T08:00:00Z
153,Customer 153,0.00,Seeded,2026-01-13T08:00:00Z
154,Customer 154,0.00,Seeded,2026-01-14T08:00:00Z
155,Customer 155,0.00,Seeded,2026-01-15T08:00:00Z
156,Customer 156,0.00,Seeded,2026-01-16T08:00:00Z
157,Customer 157,0.00,Seeded,2026-01-17T08:00:00Z
158,Customer 158,0.00,Seeded,2026-01-18T08:00:00Z
159,Customer 159,0.00,Seeded,2026-01-19T08:00:00Z
160,Customer 160,0.00,Seeded,2026-01-20T08:00:00Z
161,Customer 161,0.00,Seeded,2026-01-21T08:00:00Z
162,Customer 162,0.00,Seeded,2026-01-22T08:00:00Z
163,Customer 163,0.00,Seeded,2026-01-23T08:00:00Z
164,Customer 164,0.00,Seeded,2026-01-24T08:00:00Z
165,Customer 165,0.00,Seeded,2026-01-25T08:00:00Z
166,Customer 166,0.00,Seeded,2026-01-26T08:00:00Z
167,Customer 167,0.00,Seeded,2026-01-27T08:00:00Z
168,Customer 168,0.00,Seeded,2026-01-28T08:00:00Z
169,Customer 169,0.00,Seeded,2026-01-01T08:00:00Z
170,Customer 170,0.00,Seeded,2026-01-02T08:00:00Z
171,Customer 171,0.00,Seeded,2026-01-03T08:00:00Z
172,Customer 172,0.00,Seeded,2026-01-04T08:00:00Z
173,Customer 173,0.00,Seeded,2026-01-05T08:00:00Z
174,Customer 174,0.00,Seeded,2026-01-06T08:00:00Z
175,Customer 175,0.00,Seeded,2026-01-07T08:00:00Z
176,Customer 176,0.00,Seeded,2026-01-08T08:00:00Z
177,Customer 177,0.00,Seeded,2026-01-09T08:00:00Z
178,Customer 178,0.00,Seeded,2026-01-10T08:00:00Z
179,Customer 179,0.00,Seeded,2026-01-11T08:00:00Z
180,Customer 180,0.00,Seeded,2026-01-12T08:00:00Z
181,Customer 181,0.00,Seeded,2026-01-13T08:00:00Z
182,Customer 182,0.00,Seeded,2026-01-14T08:00:00Z
183,Customer 183,0.00,Seeded,2026-01-15T08:00:00Z
184,Customer 184,0.00,Seeded,2026-01-16T08:00:00Z
185,Customer 185,0.00,Seeded,2026-01-17T08:00:00Z
186,Customer 186,0.00,Seeded,2026-01-18T08:00:00Z
187,Customer 187,0.00,Seeded,2026-01-19T08:00:00Z
188,Customer 188,0.00,Seeded,2026-01-20T08:00:00Z
189,Customer 189,0.00,Seeded,2026-01-21T08:00:00Z
190,Customer 190,0.00,Seeded,2026-01-22T08:00:00Z
191,Customer 191,0.00,Seeded,2026-01-23T08:00:00Z
192,Customer 192,0.00,Seeded,2026-01-24T08:00:00Z
193,Customer 193,0.00,Seeded,2026-01-25T08:00:00Z
194,Customer 194,0.00,Seeded,2026-01-26T08:00:00Z
195,Customer 195,0.00,Seeded,2026-01-27T08:00:00Z
196,Customer 196,0.00,Seeded,2026-01-28T08:00:00Z
197,Customer 197,0.00,Seeded,2026-01-01T08:00:00Z
198,Customer 198,0.00,Seeded,2026-01-02T08:00:00Z
199,Customer 199,0.00,Seeded,2026-01-03T08:00:00Z
200,Customer 200,0.00,Seeded,2026-01-04T08:00:00Z
201,Customer 201,0.00,Seeded,2026-01-05T08:00:00Z
202,Customer 202,0.00,Seeded,2026-01-06T08:00:00Z
203,Customer 203,0.00,Seeded,2026-01-07T08:00:00Z
204,Customer 204,0.00,Seeded,2026-01-08T08:00:00Z
205,Customer 205,0.00,Seeded,2026-01-09T08:00:00Z
206,Customer 206,0.00,Seeded,2026-01-10T08:00:00Z
207,Customer 207,0.00,Seeded,2026-01-11T08:00:00Z
208,Customer 208,0.00,Seeded,2026-01-12T08:00:00Z
209,Customer 209,0.00,Seeded,2026-01-13T08:00:00Z
210,Customer 210,0.00,Seeded,2026-01-14T08:00:00Z
211,Customer 211,0.00,Seeded,2026-01-15T08:00:00Z
212,Customer 212,0.00,Seeded,2026-01-16T08:00:00Z
213,Customer 213,0.00,Seeded,2026-01-17T08:00:00Z
214,Customer 214,0.00,Seeded,2026-01-18T08:00:00Z
215,Customer 215,0.00,Seeded,2026-01-19T08:00:00Z
216,Customer 216,0.00,Seeded,2026-01-20T08:00:00Z
217,Customer 217,0.00,Seeded,2026-01-21T08:00:00Z
218,Customer 218,0.00,Seeded,2026-01-22T08:00:00Z
219,Customer 219,0.00,Seeded,2026-01-23T08:00:00Z
220,Customer 220,0.00,Seeded,2026-01-24T08:00:00Z
221,Customer 221,0.00,Seeded,2026-01-25T08:00:00Z
222,Customer 222,0.00,Seeded,2026-01-26T08:00:00Z
223,Customer 223,0.00,Seeded,2026-01-27T08:00:00Z
224,Customer 224,0.00,Seeded,2026-01-28T08:00:00Z
225,Customer 225,0.00,Seeded,2026-01-01T08:00:00Z
226,Customer 226,0.00,Seeded,2026-01-02T08:00:00Z
227,Customer 227,0.00,Seeded,2026-01-03T08:00:00Z
228,Customer 228,0.00,Seeded,2026-01-04T08:00:00Z
229,Customer 229,0.00,Seeded,2026-01-05T08:00:00Z
230,Customer 230,0.00,Seeded,2026-01-06T08:00:00Z
231,Customer 231,0.00,Seeded,2026-01-07T08:00:00Z
232,Customer 232,0.00,Seeded,2026-01-08T08:00:00Z
233,Customer 233,0.00,Seeded,2026-01-09T08:00:00Z
234,Customer 234,0.00,Seeded,2026-01-10T08:00:00Z
235,Customer 235,0.00,Seeded,2026-01-11T08:00:00Z
236,Customer 236,0.00,Seeded,2026-01-12T08:00:00Z
237,Customer 237,0.00,Seeded,2026-01-13T08:00:00Z
238,Customer 238,0.00,Seeded,2026-01-14T08:00:00Z
239,Customer 239,0.00,Seeded,2026-01-15T08:00:00Z
240,Customer 240,0.00,Seeded,2026-01-16T08:00:00Z
241,Customer 241,0.00,Seeded,2026-01-17T08:00:00Z
242,Customer 242,0.00,Seeded,2026-01-18T08:00:00Z
243,Customer 243,0.00,Seeded,2026-01-19T08:00:00Z
244,Customer 244,0.00,Seeded,2026-01-20T08:00:00Z
245,Customer 245,0.00,Seeded,2026-01-21T08:00:00Z
246,Customer 246,0.00,Seeded,2026-01-22T08:00:00Z
247,Customer 247,0.00,Seeded,2026-01-23T08:00:00Z
248,Customer 248,0.00,Seeded,2026-01-24T08:00:00Z
249,Customer 249,0.00,Seeded,2026-01-25T08:00:00Z
250,Customer 250,0.00,Seeded,2026-01-26T08:00:00Z
251,Customer 251,0.00,Seeded,2026-01-27T08:00:00Z
252,Customer 252,0.00,Seeded,2026-01-28T08:00:00Z
253,Customer 253,0.00,Seeded,2026-01-01T08:00:00Z
254,Customer 254,0.00,Seeded,2026-01-02T08:00:00Z
255,Customer 255,0.00,Seeded,2026-01-03T08:00:00Z
256,Customer 256,0.00,Seeded,2026-01-04T08:00:00Z
257,Customer 257,0.00,Seeded,2026-01-05T08:00:00Z
258,Customer 258,0.00,Seeded,2026-01-06T08:00:00Z
259,Customer 259,0.00,Seeded,2026-01-07T08:00:00Z
260,Customer 260,0.00,Seeded,2026-01-08T08:00:00Z
261,Customer 261,0.00,Seeded,2026-01-09T08:00:00Z
262,Customer 262,0.00,Seeded,2026-01-10T08:00:00Z
263,Customer 263,0.00,Seeded,2026-01-11T08:00:00Z
264,Customer 264,0.00,Seeded,2026-01-12T08:00:00Z
265,Customer 265,0.00,Seeded,2026-01-13T08:00:00Z
266,Customer 266,0.00,Seeded,2026-01-14T08:00:00Z
267,Customer 267,0.00,Seeded,2026-01-15T08:00:00Z
268,Customer 268,0.00,Seeded,2026-01-16T08:00:00Z
269,Customer 269,0.00,Seeded,2026-01-17T08:00:00Z
270,Customer 270,0.00,Seeded,2026-01-18T08:00:00Z
271,Customer 271,0.00,Seeded,2026-01-19T08:00:00Z
272,Customer 272,0.00,Seeded,2026-01-20T08:00:00Z
273,Customer 273,0.00,Seeded,2026-01-21T08:00:00Z
274,Customer 274,0.00,Seeded,2026-01-22T08:00:00Z
275,Customer 275,0.00,Seeded,2026-01-23T08:00:00Z
276,Customer 276,0.00,Seeded,2026-01-24T08:00:00Z
277,Customer 277,0.00,Seeded,2026-01-25T08:00:00Z
278,Customer 278,0.00,Seeded,2026-01-26T08:00:00Z
279,Customer 279,0.00,Seeded,2026-01-27T08:00:00Z
280,Customer 280,0.00,Seeded,2026-01-28T08:00:00Z
281,Customer 281,0.00,Seeded,2026-01-01T08:00:00Z
282,Customer 282,0.00,Seeded,2026-01-02T08:00:00Z
283,Customer 283,0.00,Seeded,2026-01-03T08:00:00Z
284,Customer 284,0.00,Seeded,2026-01-04T08:00:00Z
285,Customer 285,0.00,Seeded,2026-01-05T08:00:00Z
286,Customer 286,0.00,Seeded,2026-01-06T08:00:00Z
287,Customer 287,0.00,Seeded,2026-01-07T08:00:00Z
288,Customer 288,0.00,Seeded,2026-01-08T08:00:00Z
289,Customer 289,0.00,Seeded,2026-01-09T08:00:00Z
290,Customer 290,0.00,Seeded,2026-01-10T08:00:00Z
291,Customer 291,0.00,Seeded,2026-01-11T08:00:00Z
292,Customer 292,0.00,Seeded,2026-01-12T08:00:00Z
293,Customer 293,0.00,Seeded,2026-01-13T08:00:00Z
294,Customer 294,0.00,Seeded,2026-01-14T08:00:00Z
295,Customer 295,0.00,Seeded,2026-01-15T08:00:00Z
296,Customer 296,0.00,Seeded,2026-01-16T08:00:00Z
297,Customer 297,0.00,Seeded,2026-01-17T08:00:00Z
298,Customer 298,0.00,Seeded,2026-01-18T08:00:00Z
299,Customer 299,0.00,Seeded,2026-01-19T08:00:00Z
300,Customer 300,0.00,Seeded,2026-01-20T08:00:00Z
